challenge,family,discipline,theorems,closure_files,closure_lines,projects,external_deps,solution_module
TruffetCounterexample,104,Optimization,1,2,269,1,,OAI.Optimization.Tropical.TruffetCounterexample
FiniteCongruenceGraph,206,Algebra,1,2,469,1,,OAI.Algebra.Universal.GraphCriterion
PlaneColoring,158,Geometry,1,9,519,1,,OAI.Geometry.PlaneColoring.Main
FourRowPermanent,238,Combinatorics,1,5,622,1,,OAI.Combinatorics.Permanent.Main
PlanarAndersonSpectrum,261,MathematicalPhysics,1,1,767,1,,OAI.MathematicalPhysics.PlanarAnderson.Spectrum
HilbertCrouzeix,325,Analysis,4,7,844,1,,OAI.Analysis.HilbertCrouzeix.Main
GrahamSpherical,172,Combinatorics,1,18,969,1,,OAI.Combinatorics.SphericalRamsey.Main
HadamardCubeFiber,266,LinearAlgebra,1,6,980,1,,OAI.LinearAlgebra.Hadamard.Main
HoneycombFreeEnergy,237,Probability,1,1,985,1,,OAI.Probability.Honeycomb.FreeEnergy
AbhyankarSathaye,049,AlgebraicGeometry,1,15,1445,1,,OAI.AlgebraicGeometry.AbhyankarSathaye.Counterexample
EuclideanRamseyNine,172,Combinatorics,1,16,1898,1,,OAI.Combinatorics.EuclideanRamsey.NineStatement
TriangularCovering,100,Geometry,1,9,2247,1,,OAI.Geometry.TriangularCovering.Main
GaussianFiniteEntropy,140,Probability,1,15,2413,1,,OAI.Probability.Localization.Main
ProjectionVolume,088,Geometry,1,29,3002,1,,OAI.Geometry.ProjectionVolume.ProductCounterexample
BufferedIsing,218,Probability,1,15,3114,1,,OAI.Probability.Ising.Main
CommutingDerivations,049,AlgebraicGeometry,1,32,3240,2,,OAI.AlgebraicGeometry.CommutingDerivations.OrdinaryExtraMain
FormulaHitting,116,Algebra,1,24,3281,1,,OAI.Algebra.FormulaHitting.Hitting
MidpointLenses,331,Analysis,1,11,3297,1,,OAI.Analysis.SegmentLenses.Main
BogomolovPopInjectivity,009,Algebra,1,5,3339,1,,OAI.Algebra.BogomolovPop.Injectivity
ThorpWeightedCompatibility,238,Probability,1,34,3341,1,,OAI.Probability.ThorpCompatibility.Main
ProjectionCounterexample,088,Geometry,1,41,3378,2,,OAI.Geometry.ProjectionBody.Counterexample
DoublingHilbert,098,Geometry,1,12,3459,1,,OAI.Geometry.DoublingHilbert.Main
BalancedBoxRouting,376,Analysis,1,7,3480,1,,OAI.Analysis.BoxTransport.Routing
Dixmier,251,Analysis,1,32,3559,1,,OAI.Analysis.Unitarizability.UniverseTransport
MatchingEntropy,113,Combinatorics,1,18,3607,1,,OAI.Combinatorics.PerfectMatching.Main
QACParity,274,InformationTheory,1,21,3613,1,,OAI.InformationTheory.QuantumCircuit.Parity
SquareRootDegree,192,Combinatorics,1,21,3641,1,,OAI.Combinatorics.BooleanFunctions.Main
RegularParity,274,InformationTheory,1,22,3658,1,,OAI.InformationTheory.QuantumCircuit.Main
SensitivitySeparation,132,Combinatorics,1,42,3836,1,,OAI.Combinatorics.Sensitivity.Separation
IndependentProducts,331,Analysis,4,22,3878,1,,OAI.Analysis.ProductSpaces.Main
LogKodairaFiberNegative,033,AlgebraicGeometry,1,14,3902,1,,OAI.AlgebraicGeometry.LogKodaira.FiberNegative
InfiniteMatroid,185,Combinatorics,1,25,4016,1,,OAI.Combinatorics.InfiniteMatroid.Main
GotsmanLinial,127,Combinatorics,1,22,4022,1,,OAI.Combinatorics.GotsmanLinial.Main
OneWayLiveness,129,Combinatorics,1,16,4054,1,,OAI.Combinatorics.Automata.Main
TwoWayComplementation,129,Combinatorics,1,19,4088,1,,OAI.Combinatorics.TwoWayAutomata.Main
DixmierAllDiscrete,251,Analysis,1,39,4092,1,,OAI.Analysis.Unitarizability.AllDiscrete
TalagrandDiscreteConvexity,175,Combinatorics,1,36,4259,1,,OAI.Combinatorics.DiscreteConvexity.Main
RuledCovering,100,Geometry,1,30,4303,1,,OAI.Geometry.RuledCovering.Main
DaugavetModuli,331,Analysis,3,28,4307,1,,OAI.Analysis.Daugavet.Main
DiscreteLipschitzFree,330,Analysis,1,32,4341,1,,OAI.Analysis.LipschitzFree.Main
InfiniteMatroidCorollaries,185,Combinatorics,2,33,4477,1,,OAI.Combinatorics.InfiniteMatroid.Corollaries
NoiselessRegression,140,Probability,1,22,4490,2,,OAI.Probability.GaussianRegression.Main
RealL1Renorming,330,Analysis,1,33,4516,1,,OAI.Analysis.LipschitzFree.Renorming
ForestSpace,331,Analysis,1,20,4631,1,,OAI.Analysis.ForestSpace.Main
CompactBanach,098,Geometry,1,28,4664,1,,OAI.Geometry.DoublingHilbert.CompactBanach
ParityLifts,133,Combinatorics,1,22,4700,1,,OAI.Combinatorics.ParityLifts.Main
FixedClauseThreshold,235,Probability,1,15,4818,1,,OAI.Probability.RandomSAT.Main
TalagrandExpectationThreshold,175,Combinatorics,1,47,4834,1,,OAI.Combinatorics.ExpectationThreshold.Main
SeymourSecondNeighborhood,173,Combinatorics,1,43,4861,1,,OAI.Combinatorics.SecondNeighborhood.Main
FoulkesHowe,210,RepresentationTheory,1,63,5029,1,,OAI.RepresentationTheory.FoulkesHowe.Stabilization
TreeEdit,099,Combinatorics,1,22,5058,1,,OAI.Combinatorics.TreeEdit.TorusLowerBound
CHObstruction,240,ModelTheory,1,15,5089,1,,OAI.ModelTheory.Categoricity.Main
SpinAngle,238,RepresentationTheory,1,3,5259,1,,OAI.RepresentationTheory.SpinAngle.TypeAngle
SATSharpness,235,Probability,1,26,5273,1,,OAI.Probability.SATVariance.Sharpness
CliqueFreeLog,184,Combinatorics,1,31,5539,1,,OAI.Combinatorics.CliqueFree.Main
ComplexCancellation,047,Algebra,1,55,5573,1,,OAI.Algebra.AffineCancellation.Main
HyperbolicCones,095,Analysis,1,86,5649,1,,OAI.Analysis.HyperbolicCones.Main
BackwardIntertwiners,293,Analysis,1,23,5802,1,,OAI.Analysis.BackwardIntertwiners.AlgebraCorollary
ArnoldCounterexample,347,Geometry,1,36,5841,1,,OAI.Geometry.Arnold.Main
PartialPermutation,238,RepresentationTheory,1,62,5967,1,,OAI.RepresentationTheory.PartialPermutation.Main
IndividualStrongInfiniteness,303,Analysis,1,25,6085,1,,OAI.Analysis.CStarAlgebra.PureInfiniteness.Main
AmplitudeDamping,276,InformationTheory,1,35,6206,1,,OAI.InformationTheory.AmplitudeDamping.Main
MetricEntropyDuality,329,Analysis,1,52,6520,1,,OAI.Analysis.MetricEntropy.Main
SmoothInitialForm,108,Algebra,1,17,6551,1,,OAI.Algebra.Determinantal.InitialForm
EuclideanRamsey,172,Combinatorics,1,28,6558,1,,OAI.Combinatorics.EuclideanRamsey.Main
EuclideanRamseyTransitive,172,Combinatorics,1,29,6718,1,,OAI.Combinatorics.EuclideanRamsey.Transitive
SATVariance,235,Probability,1,35,6740,1,,OAI.Probability.SATVariance.Main
EuclideanRamseySpherical,172,Combinatorics,1,31,6742,1,,OAI.Combinatorics.EuclideanRamsey.Spherical
SolenoidalSheetPrograms,376,MathematicalPhysics,1,26,6744,1,,OAI.MathematicalPhysics.SheetFlows.SheetProgram
SecondKahnKalai,176,Combinatorics,1,37,6753,1,,OAI.Combinatorics.GraphThreshold.Main
EuclideanRamseyQuadratic,172,Combinatorics,1,29,6828,1,,OAI.Combinatorics.EuclideanRamsey.Quadratic
MatchingPSD,126,Combinatorics,1,53,6867,1,,OAI.Combinatorics.MatchingPSD.Main
EntangledGames,277,Probability,1,30,7234,1,,OAI.Probability.EntangledGames.Main
EuclideanRamseyCircle,172,Combinatorics,1,35,7309,1,,OAI.Combinatorics.EuclideanRamsey.Circle
DirectCrouzeix,325,Analysis,2,42,7389,1,,OAI.Analysis.DirectCrouzeix.Main
TriangleFace,113,Combinatorics,1,37,7420,2,,OAI.Combinatorics.TriangleFace.Main
MatchingAffineLift,126,Combinatorics,1,66,7542,1,,OAI.Combinatorics.MatchingPSD.AffineLift
Saxl,205,RepresentationTheory,1,38,7558,1,,OAI.RepresentationTheory.Saxl.Main
SingleFold,242,NumberTheory,1,28,7598,1,,OAI.NumberTheory.SingleFold.Main
MatrixRemoval,190,Combinatorics,1,61,7609,1,,OAI.Combinatorics.MatrixRemoval.Main
ThreeStateSupercritical,229,Probability,2,27,7691,1,,OAI.Probability.ThreeState.Main
SharpThreshold,186,Combinatorics,1,78,7699,1,,OAI.Combinatorics.SharpThreshold.Main
MassAction,149,Analysis,1,71,7758,1,,OAI.Analysis.MassAction.Main
CourtadeKumar,119,InformationTheory,1,43,7790,2,,OAI.InformationTheory.BooleanNoise.Main
HoneycombBridgeFiniteness,237,Combinatorics,1,43,7790,1,,OAI.Combinatorics.HoneycombCorridor.BridgeFiniteness
ThreeStateTreeClauses,229,Probability,2,31,7792,1,,OAI.Probability.ThreeStateClauses.Main
MatchingEntropyBounds,113,Combinatorics,1,35,7833,1,,OAI.Combinatorics.MatchingEntropy.Main
SubpolynomialLp,094,Analysis,1,44,7844,1,,OAI.Analysis.LpDimension.Main
NavierStokesAlternating,376,MathematicalPhysics,1,41,7871,1,,OAI.MathematicalPhysics.AlternatingFlow.Development
C0Absorption,324,Analysis,1,34,7918,1,,OAI.Analysis.C0Absorption.Main
BoundedRecovery,290,Analysis,1,27,8104,1,,OAI.Analysis.ModularRecovery.Main
ShortEgyptianFractions,025,NumberTheory,1,58,8140,1,,OAI.NumberTheory.ShortEgyptian.Main
DyadicAvoidance,084,MeasureTheory,1,75,8455,1,,OAI.MeasureTheory.DyadicAvoidance.Main
TwoWayDeterminization,129,Combinatorics,1,41,8477,2,,OAI.Combinatorics.TwoWayAutomata.ExplicitFamily
ThorpFirstReciprocal,238,Probability,1,51,8680,1,,OAI.Probability.ThorpShuffle.FirstMain
BarnetteHamiltonian,180,Combinatorics,1,31,8936,1,,OAI.Combinatorics.Hamiltonian.Main
TingleySphereIsometry,322,Analysis,1,67,9273,1,,OAI.Analysis.SphereIsometry.Main
AsymptoticallyMinimalLittlewood,076,Analysis,1,24,9315,1,,OAI.Analysis.Littlewood.Main
ArtinCAT0,254,GroupTheory,1,20,9419,1,,OAI.GroupTheory.ArtinCAT0.Main
ThompsonNonamenability,248,GroupTheory,1,68,9457,1,,OAI.GroupTheory.Thompson.Main
CirculantHadamard,179,LinearAlgebra,1,68,9496,1,,OAI.LinearAlgebra.CirculantHadamard.Main
LittlewoodFiniteFlatness,076,Analysis,1,28,9712,2,,OAI.Analysis.Littlewood.FiniteFlatness
EvenBarker,179,LinearAlgebra,1,73,9773,2,,OAI.LinearAlgebra.Barker.Main
FiniteCircle,099,Combinatorics,1,36,9787,1,,OAI.Combinatorics.FiniteCircle.Main
UniformSparsestCut,117,Combinatorics,1,55,9934,1,,OAI.Combinatorics.SparsestCut.Main
SubsphereCurrent,140,Probability,1,25,9970,1,,OAI.Probability.Subsphere.Main
DiamondDistortion,331,Analysis,1,32,10038,1,,OAI.Analysis.DiamondDistortion.Descent
RecursivePotentials,331,Analysis,1,12,10140,1,,OAI.Analysis.RecursivePotentials.Challenge
CriticalZ3,213,Probability,1,34,10358,1,,OAI.Probability.CriticalZ3.Main
CoulombCounterexample,373,Analysis,1,97,10668,1,,OAI.Analysis.CoulombTransport.Main
ProjectionMoments,140,Probability,1,46,10678,2,,OAI.Probability.ProjectionMoments.Main
TorsionFreeHyperbolic,252,GroupTheory,1,29,10737,1,,OAI.GroupTheory.Hyperbolic.Main
BinaryEditLower,099,Combinatorics,1,84,10800,2,,OAI.Combinatorics.BinaryEdit.BinaryLowerBound
LipschitzEquivalence,324,Analysis,1,60,10807,1,,OAI.Analysis.LipschitzEquivalence.Main
TriangularHilbert,082,Analysis,1,105,10861,1,,OAI.Analysis.TriangularHilbert.Main
BalancedThreeStack,376,MathematicalPhysics,1,60,11109,1,,OAI.MathematicalPhysics.NavierStokes.BalancedTransport.MainResult
ForcedNavierStokesComputation,376,MathematicalPhysics,1,60,11109,1,,OAI.MathematicalPhysics.NavierStokes.BalancedTransport.MainResult
Kervaire,256,GroupTheory,1,47,11273,1,,OAI.GroupTheory.Kervaire.Main
SelfSimilar,148,MeasureTheory,1,57,11278,1,,OAI.MeasureTheory.SelfSimilar.Main
ReflexiveFixedPoints,328,Analysis,1,86,11540,1,,OAI.Analysis.Nonexpansive.Main
SoftChannel204,119,InformationTheory,1,70,11590,3,,OAI.InformationTheory.SoftChannel.Main
GaussianPropeller,096,Probability,1,47,11622,1,,OAI.Probability.GaussianPropeller.Main
Cotype,326,Analysis,1,125,11759,1,,OAI.Analysis.Cotype.Main
GeneralizedStarHeight,134,Computability,1,37,11956,1,,OAI.Computability.StarHeight.Main
SelfSimilarCorollaries,148,MeasureTheory,2,64,12093,1,,OAI.MeasureTheory.SelfSimilar.DimensionCorollaries
StronglyRayleighDPP,231,Probability,6,107,12110,1,,OAI.Probability.StrongRayleigh.Main
SymmetricPolar,087,Geometry,1,46,12175,1,,OAI.Geometry.PolarProducts.Main
QuadricBundles,050,Geometry,1,34,12256,1,,OAI.Geometry.QuadricBundles.Main
IrrationalTriangleBilliard,150,Dynamics,1,39,12363,1,,OAI.Dynamics.TriangleBilliards.Main
GaussianMoat,028,NumberTheory,1,41,12703,1,,OAI.NumberTheory.GaussianMoat.Main
HenonEmden,370,Analysis,1,96,12709,1,,OAI.Analysis.HenonEmden.Main
GrothendieckElementaryExpansion,312,CategoryTheory,1,58,12753,1,,OAI.CategoryTheory.Globular.Main
ClassicalON,215,Probability,1,117,12907,1,,OAI.Probability.ClassicalON.Main
KaplanskyDirectFiniteness,197,RingTheory,1,121,13010,1,,OAI.RingTheory.DirectFiniteness.Main
BoundedTreePotentials,331,Analysis,1,46,13085,1,,OAI.Analysis.TreePotential.Main
KaplanskyFinitelyPresented,197,RingTheory,1,126,13310,1,,OAI.RingTheory.DirectFiniteness.FinitelyPresented
BernoulliNonflatInSeven,367,Analysis,1,91,13545,1,,OAI.Analysis.BernoulliCone.Main
PettyProjectionVolume,088,Geometry,1,33,13670,1,,OAI.Geometry.ProjectionBodies.Main
Brennan,072,Analysis,1,38,13706,1,,OAI.Analysis.IntegralMeans.Main
LiebThirring,262,Analysis,1,38,13717,1,,OAI.Analysis.LiebThirring.Main
SeparableQuotientNegative,323,Analysis,1,51,14178,1,,OAI.Analysis.SeparableQuotients.Main
BrennanSharp,072,Analysis,1,47,14188,1,,OAI.Analysis.IntegralMeans.SharpEndpoints
CompleteCrouzeix,325,Analysis,1,48,14195,1,,OAI.Analysis.NumericalRange.Main
RadialTransition,228,Probability,1,103,14221,1,,OAI.Probability.RadialTransition.Main
RadialDensityInterval,228,Probability,1,104,14330,1,,OAI.Probability.RadialTransition.DensityInterval
GaussianReplacement,140,Probability,11,35,14380,1,,OAI.Probability.GaussianReplacement.FiberEquality
MatroidProphet,111,Probability,1,125,14585,1,,OAI.Probability.MatroidProphet.Main
BinaryMatching,113,Computability,1,112,14589,2,,OAI.Computability.MatchingCount.BinarySolve
PosteriorReplicas,140,Probability,1,136,14760,1,,OAI.Probability.PosteriorReplicas.Main
QuantitativeVanDerWaerden,160,Combinatorics,1,115,14837,1,,OAI.Combinatorics.ProgressionColoring.Main
BoundedTreewidthL1,089,Combinatorics,1,33,14913,1,,OAI.Combinatorics.TreewidthL1.Main
KahlerSplitting,052,Geometry,1,46,14985,1,,OAI.Geometry.KahlerSplitting.Main
ContinuumTransition,228,Probability,1,161,14988,1,,OAI.Probability.ContinuumTransition.Main
SteinitzBergstrom,097,Analysis,1,29,15082,1,,OAI.Analysis.Steinitz.Main
StructuralCrouzeix,325,Analysis,1,60,15245,2,,OAI.Analysis.StructuralCrouzeix.Endpoint
RationalHitting,116,Computability,1,53,15304,1,,OAI.Computability.RationalHitting.Main
GaussianInformation,140,Probability,4,111,15373,2,,OAI.Probability.GaussianInformation.Main
FiniteEntropySeparation,298,Analysis,1,153,15557,1,,OAI.Analysis.FreeEntropy.Main
FillingCoefficient,337,Geometry,1,112,15653,1,,OAI.Geometry.IntegralFillings.Main
CrouzeixHilbert,325,Analysis,1,90,15655,1,,OAI.Analysis.Crouzeix.Main
PinnedDistances,167,Geometry,1,47,15657,1,,OAI.Geometry.PinnedDistances.Main
StrictMeans,072,Analysis,1,94,15740,1,,OAI.Analysis.StrictMeans.Main
MemoryPrecision,140,Probability,1,88,16263,3,,OAI.Probability.MemoryPrecision.Main
GroupRingDeterminant,197,Analysis,1,155,16337,2,,OAI.Analysis.GroupDeterminants.Main
QuinticLienard,143,Analysis,1,146,16659,1,,OAI.Analysis.LienardCycles.Main
WLIdentification,133,Computability,1,67,16897,1,,OAI.Computability.WLIdentification.Main
PeriodicTilingThree,155,Geometry,1,122,16899,1,,OAI.Geometry.PeriodicTiling.Main
SignedFiniteBand,085,Analysis,1,39,17107,1,,OAI.Analysis.SignedDisk.Main
SingletonLoopMatching,113,Computability,1,136,17234,3,,OAI.Computability.LoopMatching.Endpoint
SplitTangentIntegrability,052,Geometry,1,15,17281,1,,OAI.Geometry.SplitTangent.RationalVariation
UniformGamma,291,Analysis,1,51,17302,1,,OAI.Analysis.TracialSplitting.Challenge
StrongThinTree,174,Combinatorics,1,72,17363,1,,OAI.Combinatorics.ThinTrees.Main
WeightedSweepMoments,238,Probability,1,40,17383,3,,OAI.Probability.CubeShuffle.WeightedMoments
DirectionalWalk,220,Probability,1,69,18194,1,,OAI.Probability.DirectionalWalk.Main
HalvingLines,183,Combinatorics,1,47,18237,1,,OAI.Combinatorics.HalvingLines.Main
ContinuousCircleWeight,293,Analysis,1,51,18350,1,,OAI.Analysis.RotationWeights.Main
ChoicelessPolynomialTime,243,ModelTheory,1,26,18461,1,,OAI.ModelTheory.Choiceless.Separation
NuclearUltrapower,292,Analysis,1,39,18473,1,,OAI.Analysis.NuclearUltrapower.Main
OddKaplansky,197,Algebra,1,138,18517,2,,OAI.Algebra.OddKaplansky.Main
ThreeMachine,124,Computability,1,53,18572,1,,OAI.Computability.Scheduling.Main
PinchedKahler,359,Geometry,3,119,18688,1,,OAI.Geometry.Kahler.Main
PlanarFirstPassage,212,Probability,1,195,18741,2,,OAI.Probability.FirstPassage.BoundaryCurve
CriticalSK,227,MathematicalPhysics,3,35,19040,1,,OAI.MathematicalPhysics.CriticalSK.Main
ExactFourier,130,Computability,1,51,19103,1,,OAI.Computability.FourierCircuit.Main
DiskMaximal,085,Analysis,1,30,19397,1,,OAI.Analysis.DiskMaximal.Main
WeakMTWGlobalSupport,360,Geometry,1,210,19463,1,,OAI.Geometry.WeakMTW.Main
WeisfeilerLeman,133,Computability,1,43,19572,1,,OAI.Computability.WeisfeilerLeman.Main
ListHadwiger,157,Combinatorics,1,53,19965,1,,OAI.Combinatorics.ListHadwiger.Main
UniversalFInfinity,250,GroupTheory,1,50,19991,1,,OAI.GroupTheory.UniversalGroup.Main
GammaPassage,212,Probability,1,203,20106,3,,OAI.Probability.GammaPassage.Differentiability
SnakyCertificate,187,Combinatorics,1,51,20237,1,,OAI.Combinatorics.SnakyCertificate.Main
DepthFive,135,Algebra,1,164,20323,1,,OAI.Algebra.DepthFive.Bounds
SKFullSupport,281,Probability,1,135,20357,1,,OAI.Probability.SKSupport.Main
Superstring,128,Computability,1,51,20361,1,,OAI.Computability.Superstring.Main
BipartiteCrossing,165,Combinatorics,1,339,20617,1,,OAI.Combinatorics.Crossing.Main
PermanentCubic,108,Algebra,1,51,20739,1,,OAI.Algebra.Determinantal.Main
CoordinateTrace,238,Probability,1,28,20946,1,,OAI.Probability.ThorpRouting.RegularTrace
MahlerConjecture,087,Analysis,1,229,21379,1,,OAI.Analysis.Mahler.MainTheorem
CycleDecomposition,181,Combinatorics,1,34,21451,1,,OAI.Combinatorics.CycleDecomposition.Main
PrimeGaps,026,NumberTheory,1,56,22533,1,,OAI.NumberTheory.PrimeGaps.RatioCorollary
FiniteFactor,293,Analysis,1,271,22601,1,,OAI.Analysis.FiniteFactor.Main
NavierStokesVelocity,376,MathematicalPhysics,1,152,22602,1,,OAI.MathematicalPhysics.NavierStokes.VelocityDetection.Main
SwitchChain,131,Probability,3,165,22691,1,,OAI.Probability.SwitchChain.Main
C1EntropyCounterexample,151,Dynamics,1,201,22878,3,,OAI.Dynamics.EntropyCounterexample.Counterexample
CoordinateSweeps,238,Probability,2,34,22897,9,,OAI.Probability.CoordinateSweeps.Main
HyperinvariantSubspaces,293,Analysis,1,277,22976,2,,OAI.Analysis.Hyperinvariant.Main
PowerFreeValues,020,NumberTheory,1,63,23269,1,,OAI.NumberTheory.PowerFree.Main
BassTrace,207,RingTheory,1,69,23596,1,,OAI.RingTheory.BassTrace.Main
SidorenkoCounterexample,161,Combinatorics,1,35,23761,1,,OAI.Combinatorics.Sidorenko.RandomHost
BassTorsionFree,207,RingTheory,1,73,24157,1,,OAI.RingTheory.BassTrace.TorsionFree
SquareDifference,182,Combinatorics,1,81,24221,1,,OAI.Combinatorics.SquareDifference.Main
HeilbronnTriangle,191,Geometry,2,195,24275,1,,OAI.Geometry.HeilbronnTriangle.Main
OccupiedOverlap,238,RepresentationTheory,2,56,24287,5,,OAI.RepresentationTheory.RowColumn.Occupied
DepthThree,112,Computability,1,175,24309,1,,OAI.Computability.DepthThree.Main
ProductBrown,293,Analysis,1,292,24357,2,,OAI.Analysis.BrownMeasure.Main
LogBrunnMinkowski,091,Geometry,1,1,24490,1,,OAI.Geometry.LogVolume.BrunnMinkowski
VariableWL,133,Combinatorics,1,61,24602,1,,OAI.Combinatorics.VariableWL.Completeness
StandardMapEntropy,146,Dynamics,1,205,24683,1,,OAI.Dynamics.StandardMap.EntropyEndpoint
ConjugatePoints,358,Geometry,1,19,24974,1,,OAI.Geometry.ConjugatePoints.ThreeManifold
SphericalField,222,Probability,1,142,25018,1,,OAI.Probability.SphericalField.Main
FreeUniformSpanningForest,231,Probability,1,224,25262,1,,OAI.Probability.SpanningForest.Factor
CharacterCriterion,299,Analysis,1,62,25294,1,,OAI.Analysis.CharacterCriterion.Main
Heisenberg,271,MathematicalPhysics,1,128,25400,1,,OAI.MathematicalPhysics.Heisenberg.Main
EditDistance,099,Combinatorics,1,46,25424,2,,OAI.Combinatorics.EditDistance.Main
SignedSweepMoment,238,Probability,1,174,25778,1,,OAI.Probability.SignedSweeps.Main
SingleLatticeCovering,092,Geometry,1,41,25913,1,,OAI.Geometry.LatticeCovering.Main
MatroidSecretary,111,Probability,3,243,25927,2,,OAI.Probability.MatroidSecretary.Main
Naimark,297,Analysis,1,16,25931,1,,OAI.Analysis.Naimark.Tracial
StandardMapLyapunov,146,Dynamics,1,211,26018,1,,OAI.Dynamics.StandardMap.EntropyLyapunov
CommonBasesFPRAS,114,Combinatorics,1,1,26126,1,,OAI.Combinatorics.MatroidCounting.CommonBases
WitnessedChoice,243,Computability,1,27,26381,1,,OAI.Computability.WitnessedChoice.Main
BinarySweep,238,Probability,1,192,26532,1,,OAI.Probability.BinarySweep.Main
RyserCovering,162,Combinatorics,1,217,26678,1,,OAI.Combinatorics.Ryser.Construction.Main
InterpolatedFactors,287,Analysis,1,77,26804,2,,OAI.Analysis.InterpolatedFactors.Interpolation
RyserOddExtensions,162,Combinatorics,1,219,26954,1,,OAI.Combinatorics.Ryser.OddExtensions
MarkovType,327,Analysis,1,207,27054,1,,OAI.Analysis.MarkovType.Main
RandomizedMeanPayoff,104,Computability,1,89,27355,2,,OAI.Computability.RandomMean.Main
LaughlinGap,269,Analysis,1,106,27741,2,,OAI.Analysis.LaughlinGap.Main
EntropyPhotonNumber,273,InformationTheory,1,26,27838,6,,OAI.InformationTheory.PhotonNumber.Inequality
Rokhlin,145,Dynamics,1,13,27889,1,,OAI.Dynamics.MultipleMixing.Main
PlanarUnitDistances,167,Geometry,1,40,28113,1,,OAI.Geometry.UnitDistances.Main
SymmetricMahlerEquality,087,Analysis,1,237,28389,1,,OAI.Analysis.Mahler.Classification
VertexAlgebraNet,280,RepresentationTheory,1,77,28634,1,,OAI.RepresentationTheory.VertexAlgebra.MinimalComparator
Tachikawa,199,RingTheory,1,31,28942,1,,OAI.RingTheory.Tachikawa.Counterexample
IsingFiniteness,222,Probability,1,45,29170,1,,OAI.Probability.IsingPerceptron.VariationalFiniteness
HotSpots,369,Analysis,1,31,29338,1,,OAI.Analysis.HotSpots.Main
TypeSystemNormalization,245,Computability,1,33,29547,1,,OAI.Computability.TypeSystem.Normalization
DeligneDrinfeld,008,Algebra,1,21,29733,1,,OAI.Algebra.Drinfeld.Completion
SKValue,281,Probability,1,212,29844,1,,OAI.Probability.SKValue.Main
SmoothObstruction,152,Dynamics,1,53,30090,1,,OAI.Dynamics.SmoothObstruction.Main
DimensionTenPair,272,Analysis,1,129,30164,1,,OAI.Analysis.Quantum.DimensionTen.Main
EuclideanFiveColor,158,Geometry,1,70,30336,3,,OAI.Geometry.PlaneColoring.Five
ThorpRemaining,238,Probability,1,92,30574,3,,OAI.Probability.ThorpResults.FullDevelopment
ElasticityUniqueness,372,MathematicalPhysics,1,42,31645,1,,OAI.MathematicalPhysics.Elasticity.Uniqueness
KaplanskyQuasitrace,294,Analysis,1,123,32206,8,,OAI.Analysis.Kaplansky.Main
NodalLength,350,Analysis,1,59,32394,1,,OAI.Analysis.NodalLength.Main
PartitionConsistency,244,SetTheory,1,75,32558,1,,OAI.SetTheory.PartitionConsistency.Main
BallPackingNecessity,343,Geometry,1,65,33020,1,,OAI.Geometry.BallPacking.Necessity.Main
Brenier,374,Analysis,2,89,33020,1,,OAI.Analysis.Brenier.Stability
CoboundaryExpanders,177,Combinatorics,1,36,33125,3,,OAI.Combinatorics.Coboundary.Main
CompleteCrossing,165,Combinatorics,1,300,33427,2,,OAI.Combinatorics.CompleteCrossing.Main
TriangleRemoval,188,Combinatorics,1,287,33800,1,,OAI.Combinatorics.TriangleRemoval.Main
PlanarL1,089,Combinatorics,1,63,33806,1,,OAI.Combinatorics.PlanarL1.Embedding
ThreeTorus,144,Dynamics,1,37,33818,1,,OAI.Dynamics.ThreeTorus.Main
TraceReconstruction,122,Probability,3,31,33984,1,,OAI.Probability.TraceReconstruction
EilenbergGanea,249,Topology,1,40,34123,7,,OAI.Topology.EilenbergGanea.Main
FactorGeneration,296,Analysis,1,93,35135,2,,OAI.Analysis.FactorGeneration.Main
RelativeGeneration,296,Analysis,1,102,36021,3,,OAI.Analysis.RelativeGeneration.Main
EgyptianFractions,025,NumberTheory,9,290,36061,1,,OAI.NumberTheory.EgyptianFractions.Main
HarmonicGrowth,361,Geometry,1,36,36732,1,,OAI.Geometry.HarmonicGrowth.Main
Nagata,039,AlgebraicGeometry,3,117,36997,1,,OAI.AlgebraicGeometry.PlaneCurves.Nagata
BooneHigman,250,GroupTheory,1,47,37197,2,,OAI.GroupTheory.BooneHigman.Main
KServer,110,Combinatorics,1,37,37365,1,,OAI.Combinatorics.KServer.Main
SnakyConditional,187,GameTheory,1,209,37837,1,,OAI.GameTheory.SnakyConditional.Main
KaplanskyStableFiniteness,294,Analysis,1,181,37896,8,,OAI.Analysis.Kaplansky.StableFiniteness
PeriodicGroup,247,GroupTheory,1,63,38076,1,,OAI.GroupTheory.PeriodicGroups.Main
CoveringDensity,092,Geometry,1,143,40097,3,,OAI.Geometry.CoveringDensity.Main
GeneralMahler,087,Geometry,1,302,40205,1,,OAI.Geometry.Convex.GeneralMahler.Theorem
FKCRT,211,Probability,1,61,40208,1,,OAI.Probability.FKMaps.Convergence
AffineBernstein,353,Analysis,1,322,40454,1,,OAI.Analysis.AffineBernstein.Main
KLInvariance,168,RepresentationTheory,1,34,42948,1,,OAI.RepresentationTheory.KazhdanLusztig.Invariance
TorsionFreeZeroDivisors,196,Algebra,1,123,44340,1,,OAI.Algebra.GroupRing.Main
CoarseAssembly,307,Topology,1,347,44622,2,,OAI.Topology.CoarseAssembly
DimensionTenChannel,272,Analysis,1,148,44673,3,,OAI.Analysis.Quantum.DimensionTen.Channel
SLELowerPositivity,230,Probability,1,65,45103,1,,OAI.Probability.SLE.LowerPositivity
LittleFinitistic,198,Algebra,1,546,45195,1,,OAI.Algebra.Finitistic.Main
SKRatio,227,Probability,1,260,45616,1,,OAI.Probability.SKRatio.Main
SymmetricDomains,058,Analysis,1,335,48720,1,,OAI.Analysis.SymmetricDomains.Main
FinitisticAsymmetry,198,Algebra,1,588,50191,2,,OAI.Algebra.FinitisticAsymmetry.Main
SharpCAT0Filling,337,Geometry,1,330,50219,1,,OAI.Geometry.CAT0Fillings.Main
UniformKServer,110,Combinatorics,1,410,50260,1,,OAI.Combinatorics.UniformKServer.Main
PlanarFalconer,073,MeasureTheory,1,719,53272,1,,OAI.MeasureTheory.Falconer.Main
DuttaDomain,194,RingTheory,1,278,53953,1,,OAI.RingTheory.Multiplicity.Main
ExactQuantumFactoring,279,Computability,1,546,54007,1,,OAI.Computability.QuantumFactoring.Main
MetricKMedian,125,Combinatorics,1,569,54583,1,,OAI.Combinatorics.KMedian.Main
StandardMapComponents,146,Dynamics,1,274,54864,1,,OAI.Dynamics.StandardMap.ComponentsMain
CayleyPercolation,214,Probability,1,78,55795,1,,OAI.Probability.UnimodularPercolation.CayleyMain
DilutedSpin,221,Probability,1,405,56285,1,,OAI.Probability.DilutedSpin.Main
MaximalSeshadriConstants,039,AlgebraicGeometry,1,421,56552,1,,OAI.AlgebraicGeometry.Seshadri.Main
IsometricImmersion,334,Geometry,1,446,56586,1,,OAI.Geometry.IsometricImmersion.Main
SKBarriers,227,Probability,1,574,56621,1,,OAI.Probability.SKBarriers.Main
HyperbolicObstruction,257,Geometry,1,417,56644,1,,OAI.Geometry.HyperbolicGroups.Main
KMedianRefinedRecovery,125,Combinatorics,1,586,56960,2,,OAI.Combinatorics.KMedianRecovery.Refined.Recovery
CKSBondiPenrose,260,Geometry,2,336,58903,1,,OAI.Geometry.Relativity.CKS.ComparatorMain
KadisonRingrose,295,Analysis,1,372,62822,5,,OAI.Analysis.BoundedHochschild.MainResult
CriticalStripMass,237,Combinatorics,1,130,62844,1,,OAI.Combinatorics.StripMass.Main
LogConcaveQuery,139,Probability,1,326,63748,1,,OAI.Probability.LogConcave.Main
SharpLogRamsey,170,Combinatorics,1,408,63795,1,,OAI.Combinatorics.SharpRamsey.Main
WeakHessian,356,Geometry,1,530,64010,1,,OAI.Geometry.WeakHessian.Main
AtomicGaussian,090,Analysis,1,215,64626,1,,OAI.Analysis.Triangular.Main
TriangularGaussian,090,Analysis,1,216,64715,1,,OAI.Analysis.Triangular.GaussianMinorants
ThomasonModelStructures,317,CategoryTheory,2,85,65284,1,,OAI.CategoryTheory.Thomason.RankedFaithfulness
VertexCover,102,Computability,2,351,65911,1,,OAI.Computability.VertexCover.Main
TriangularEnergy,090,Analysis,1,227,65932,1,,OAI.Analysis.Triangular.Energy.Universal
MatchingFPRAS,113,Combinatorics,1,415,66246,1,,OAI.Combinatorics.MatchingCount.Main
CriticalPercolation,213,Probability,1,627,68224,1,,OAI.Probability.CriticalPercolation.Main
KMedianRecovery,125,Combinatorics,1,506,69261,1,,OAI.Combinatorics.KMedianRecovery.Main
CannonGeometricAction,246,Geometry,1,299,69536,1,,OAI.Geometry.Cannon.Main
CylinderCovering,100,Geometry,1,641,70623,3,,OAI.Geometry.CylinderCovering.Main
PerceptronFreeEnergy,222,Probability,1,411,71237,1,,OAI.Probability.Perceptron.Main
SnakyTwentyOne,187,GameTheory,1,94,71326,1,,OAI.GameTheory.SnakyTwentyOne.Main
HardSphere,267,Analysis,1,466,71853,1,,OAI.Analysis.HardSphere.Main
KMedianThreshold,125,Combinatorics,1,765,72493,1,,OAI.Combinatorics.KMedian.Threshold
RamseyFive,170,Combinatorics,1,482,73678,2,,OAI.Combinatorics.RamseyFive.Main
BiholderTransport,360,Analysis,1,645,74032,1,,OAI.Analysis.BiholderTransport.Main
ElementaryPositivity,169,Combinatorics,0,549,74575,1,,OAI.Combinatorics.Chromatic.Main
YauCounterexample,350,Geometry,1,1068,74773,1,,OAI.Geometry.NodalSets.Main
Laughlin,269,Analysis,1,1258,75092,1,,OAI.Analysis.Laughlin.Main
Conductivity,365,Analysis,1,595,75520,1,,OAI.Analysis.Conductivity.Main
LaughlinPlanar,269,Analysis,1,1279,77130,1,,OAI.Analysis.Laughlin.UniformGap
CoulombRadii,263,Analysis,1,428,77246,1,,OAI.Analysis.CoulombRadii.Main
BorsukNine,156,Geometry,1,269,78964,1,,OAI.Geometry.Borsuk.Main
IrrationalRotation,293,Analysis,2,735,81127,1,,OAI.Analysis.IrrationalRotation.Main
TamingCompatibility,342,Geometry,1,582,83060,1,,OAI.Geometry.TamingCompatibility.Main
DegreeRigidity,241,Computability,1,974,84081,1,,OAI.Computability.DegreeRigidity.Main
SimpleAmenable,253,GroupTheory,1,550,84848,1,,OAI.GroupTheory.SimpleAmenable.Main
SATComputability,235,Probability,1,592,87536,5,,OAI.Probability.SATComputability.Main
BallPacking,343,Geometry,1,169,89175,1,,OAI.Geometry.BallPacking.Main
VlasovMaxwell,362,Analysis,1,207,89993,1,,OAI.Analysis.VlasovMaxwell.Main
SimpleOvergroups,250,GroupTheory,1,238,90766,4,,OAI.GroupTheory.SimpleOvergroups.Main
IndependentSets,106,Combinatorics,1,454,94095,1,,OAI.Combinatorics.IndependentSets.Main
PiExponent,017,NumberTheory,1,869,94948,1,,OAI.NumberTheory.PiExponent.Main
CoulombIonization,263,Analysis,1,607,95362,1,,OAI.Analysis.CoulombIonization.Main
DirectionalBallisticity,220,Probability,1,513,98412,1,,OAI.Probability.Ballisticity.Main
SmoothYau,350,Geometry,2,436,99645,1,,OAI.Geometry.SmoothYau.Main
SKHighTemperature,227,Probability,1,556,100110,1,,OAI.Probability.SKGap.Main
AlgorithmicThinTrees,174,Combinatorics,1,736,101101,2,,OAI.Combinatorics.ThinTrees.AlgorithmicMain
FreeIsing,236,Probability,1,856,112780,1,,OAI.Probability.FreeIsing.Main
VelocityHemisphere,220,Probability,1,585,116839,2,,OAI.Probability.Ballisticity.VelocityHemisphere
CriticalSKMixing,227,MathematicalPhysics,1,593,119320,3,,OAI.MathematicalPhysics.CriticalMixing.Main
LaughlinFock,269,Analysis,1,293,124088,2,,OAI.Analysis.LaughlinFock.Main
MinUncut,102,Computability,1,375,124869,1,,OAI.Computability.MinUncut.Main
KadisonSimilarity,288,Analysis,3,816,127680,9,,OAI.Analysis.KadisonSimilarity.UnconditionalSimilarity
EditApproximation,121,Combinatorics,1,1024,137267,2,,OAI.Combinatorics.EditApproximation.Specification.RawBandMain
CubicTorus,354,Geometry,1,162,140491,1,,OAI.Geometry.CubicTorus.Main
ThorpRouting,238,Probability,1,170,142145,1,,OAI.Probability.ThorpRouting.Main
ExactInfiniteness,303,Analysis,2,1012,150750,13,,OAI.Analysis.WeakInfiniteness.Main
BenjaminiSchramm,214,Probability,3,970,151059,3,,OAI.Probability.BenjaminiSchramm.Main
BinPackingGap,118,Computability,1,284,158527,1,,OAI.Computability.BinPacking.Main
BoltzmannNonuniqueness,363,MathematicalPhysics,1,525,159510,1,,OAI.MathematicalPhysics.Boltzmann.Main
MatrixFields,107,LinearAlgebra,1,354,181751,1,,OAI.LinearAlgebra.MatrixFields.Main
FalconerAllDimensions,073,MeasureTheory,1,2384,185097,1,,OAI.MeasureTheory.Falconer.Campaign123PlanarFurstenbergProof
LipschitzHilbert,083,Analysis,2,1910,185580,1,,OAI.Analysis.LipschitzHilbert.Main
OptimalMaxCut,102,Computability,1,372,186763,1,,OAI.Computability.MaxCut.Main
UniqueGamesTheorem,102,Computability,1,478,186782,1,,OAI.Computability.UniqueGames.Main
DirectedFeedback,102,Computability,1,224,188149,1,,OAI.Computability.DirectedFeedback.Main
ContingencyTables,115,Combinatorics,3,1297,191813,4,,OAI.Combinatorics.ContingencyTables.UnconditionalMain
InvariantIsing,234,Probability,11,2123,210755,3,,OAI.Probability.InvariantIsing.Unconditional
UniversalTensorSquares,205,RepresentationTheory,1,573,217185,2,,OAI.RepresentationTheory.UniversalSquare.Main
PartitionPrinciple,244,SetTheory,1,943,233891,1,,OAI.SetTheory.PartitionPrinciple.Main
PerfectCompleteness,105,Computability,1,863,257263,2,,OAI.Computability.PerfectCompleteness.Main
PlanarPacking,090,Analysis,1,563,916202,2,,OAI.Analysis.PlanarPacking.Main
CycleCliqueRamsey,189,Combinatorics,1,443,2795707,1,,OAI.Combinatorics.Ramsey.CycleClique.Main
MUBSix,266,Analysis,1,3381,2834627,1,,OAI.Analysis.MutuallyUnbiased.Main
OrdinaryElliott,007,NumberTheory,1,305,33960,1,OAI,OAI.NumberTheory.OrdinaryCorrelations.Elliott.Main
UniformCommutator,288,Analysis,1,408,43753,1,OAI,OAI.Analysis.Commutator.Main
AuslanderReiten,199,Algebra,1,719,54818,1,OAI,OAI.Algebra.AuslanderReiten.All
HarmonicArtin,254,Topology,1,659,62869,1,OAI,OAI.Topology.ArtinGroups.Main
RieszQuantitative,081,Analysis,1,824,65638,1,FixedPointTheorems,OAI.Analysis.RieszRectifiability.Main
SiegelZeros,003,NumberTheory,2,306,69818,1,PrimeNumberTheoremAnd,OAI.NumberTheory.SiegelZeros.Main
TotientAsymptotic,024,NumberTheory,4,809,72764,2,PrimeNumberTheoremAnd,OAI.NumberTheory.TotientAsymptotic.UnconditionalMain
TotientCompanionZero,024,NumberTheory,1,811,73021,2,PrimeNumberTheoremAnd,OAI.NumberTheory.TotientAsymptotic.Main
ArtinParabolicIntersections,254,Topology,4,781,73065,1,OAI,OAI.Topology.ArtinGroups.ParabolicIntersections.Main
MatrixMultiplication,107,LinearAlgebra,3,504,82623,1,FixedPointTheorems,OAI.LinearAlgebra.MatrixMultiplication.Main
BalancedRyser,162,Combinatorics,1,667,85428,1,OAI,OAI.Combinatorics.BalancedRyser.Main
DukePrimeDegree,015,NumberTheory,2,877,130452,2,ClassFieldTheory,OAI.NumberTheory.DukePrimeDegree.MainUnconditional
Jacobsthal,021,NumberTheory,1,819,152494,1,AbsorptionCutoff PrimeNumberTheoremAnd StrongPNT,OAI.NumberTheory.Jacobsthal.Main
JacobsthalImproved,021,NumberTheory,1,819,152494,1,AbsorptionCutoff PrimeNumberTheoremAnd StrongPNT,OAI.NumberTheory.Jacobsthal.Main
OrdinaryTwoPointCorrelations,007,NumberTheory,3,1539,153427,4,PrimeNumberTheoremAnd StrongPNT,OAI.NumberTheory.TwoPointCorrelations.FinalMain
SurfaceImmersion,333,Geometry,1,1883,167865,2,SphereEversion,OAI.Geometry.SurfaceImmersion.Main
JointDickman,012,NumberTheory,3,1792,176462,5,PrimeNumberTheoremAnd StrongPNT,OAI.NumberTheory.JointDickman.PaperMain
DefocusingNLS,371,MathematicalPhysics,3,2415,180149,1,FixedPointTheorems,OAI.MathematicalPhysics.DefocusingNLS.MainTheorems
EinsteinFour,348,Geometry,3,402,207815,2,RellichKondrachov,OAI.Geometry.EinsteinFour.Classification
ContinuumCoulombHardness,275,MathematicalPhysics,2,2086,222484,7,RellichKondrachov,OAI.MathematicalPhysics.ContinuumCoulomb.Reduction.Hardness
PolycyclicRecognition,255,GroupTheory,3,2679,232617,4,Gromov,OAI.GroupTheory.PolycyclicRecognition.Recognition
KoebeCircleDomains,071,Analysis,2,2790,272799,5,Schoenflies,OAI.Analysis.CircleDomains.Main
OstmannComplete,013,NumberTheory,2,3207,286925,2,BernoulliRegular PrimeNumberTheoremAnd,OAI.NumberTheory.Ostmann.Complete
PattersonFirstMoment,023,NumberTheory,3,3594,306361,3,PrimeNumberTheoremAnd RellichKondrachov StrongPNT,OAI.NumberTheory.CubicMoment.Theta.CubicThetaMains
StrongKadisonKastler,289,Analysis,1,2645,325467,12,OAI,OAI.Analysis.KadisonKastler.StrongStability
OstmannPrimes,013,NumberTheory,1,4358,364516,3,PrimeNumberTheoremAnd StrongPNT,OAI.NumberTheory.Ostmann.Main
DirichletSevenEighths,003,NumberTheory,1,2924,486490,1,PrimeNumberTheoremAnd RellichKondrachov,OAI.NumberTheory.DirichletL.Nonvanishing
QuasiRiemannHypothesis,003,NumberTheory,1,2924,486490,1,PrimeNumberTheoremAnd RellichKondrachov,OAI.NumberTheory.DirichletL.Nonvanishing
HeckeSevenEighths,003,NumberTheory,1,2925,486525,1,PrimeNumberTheoremAnd RellichKondrachov,OAI.NumberTheory.DirichletL.Hecke.Nonvanishing
Catalan,005,NumberTheory,1,988,574902,2,PrimeNumberTheoremAnd,OAI.NumberTheory.Catalan.Main
ErdosReciprocal,159,Combinatorics,1,4730,1113094,1,OAI,OAI.Combinatorics.Progressions.Main
